{
  "N": 40,
  "L": 1.0,
  "uL": 10.0,
  "uR": 0.0,
  "eps0": 1.0,
  "eps_r": [
    5.0,
    5.0,
    5.0,
    5.0,
    1.0,
    1.0,
    1.0,
    1.0,
    1.0,
    1.0,
    1.0,
    1.0,
    1.0,
    1.0,
    1.0,
    1.0,
    1.0,
    1.0,
    1.0,
    1.0,
    1.0,
    1.0,
    1.0,
    1.0,
    1.0,
    1.0,
    1.0,
    1.0,
    1.0,
    1.0,
    1.0,
    1.0,
    1.0,
    1.0,
    1.0,
    1.0,
    5.0,
    5.0,
    5.0,
    5.0
  ],
  "rho": [
    0.0,
    0.0,
    0.0,
    0.0,
    0.0,
    0.0,
    0.0,
    0.0,
    0.0,
    0.0,
    0.0,
    0.0,
    0.0,
    0.0,
    0.0,
    0.0,
    0.0,
    0.0,
    0.0,
    0.0,
    0.0,
    0.0,
    0.0,
    0.0,
    0.0,
    0.0,
    0.0,
    0.0,
    0.0,
    0.0,
    0.0,
    0.0,
    0.0,
    0.0,
    0.0,
    0.0,
    0.0,
    0.0,
    0.0,
    0.0
  ],
  "V_ref": [
    10.0,
    9.940119760479039,
    9.88023952095808,
    9.82035928143712,
    9.640718562874245,
    9.341317365269452,
    9.041916167664661,
    8.742514970059869,
    8.443113772455078,
    8.143712574850287,
    7.844311377245496,
    7.544910179640706,
    7.245508982035916,
    6.946107784431126,
    6.646706586826335,
    6.347305389221545,
    6.047904191616755,
    5.748502994011965,
    5.4491017964071755,
    5.149700598802386,
    4.850299401197596,
    4.550898203592806,
    4.251497005988017,
    3.9520958083832274,
    3.6526946107784375,
    3.353293413173647,
    3.0538922155688573,
    2.7544910179640674,
    2.4550898203592775,
    2.155688622754488,
    1.8562874251496981,
    1.5568862275449082,
    1.2574850299401183,
    0.9580838323353282,
    0.6586826347305381,
    0.359281437125748,
    0.179640718562874,
    0.119760479041916,
    0.059880239520958,
    0.0
  ],
  "description": "Dielectric layers, no charge, Dirichlet 10/0."
}