{
  "N": 50,
  "L": 1.0,
  "uL": 10.0,
  "uR": 0.0,
  "eps0": 1.0,
  "rho_val": 100.0,
  "rho": [
    100.0,
    100.0,
    100.0,
    100.0,
    100.0,
    100.0,
    100.0,
    100.0,
    100.0,
    100.0,
    100.0,
    100.0,
    100.0,
    100.0,
    100.0,
    100.0,
    100.0,
    100.0,
    100.0,
    100.0,
    100.0,
    100.0,
    100.0,
    100.0,
    100.0,
    100.0,
    100.0,
    100.0,
    100.0,
    100.0,
    100.0,
    100.0,
    100.0,
    100.0,
    100.0,
    100.0,
    100.0,
    100.0,
    100.0,
    100.0,
    100.0,
    100.0,
    100.0,
    100.0,
    100.0,
    100.0,
    100.0,
    100.0,
    100.0,
    100.0
  ],
  "V_ref": [
    10.0,
    10.795501874219074,
    11.549354435651807,
    12.261557684298202,
    12.932111620158256,
    13.561016243231974,
    14.148271553519354,
    14.693877551020394,
    15.197834235735096,
    15.660141607663457,
    16.08079966680548,
    16.45980841316116,
    16.797167846730503,
    17.092877967513505,
    17.346938775510168,
    17.559350270720493,
    17.730112453144482,
    17.85922532278213,
    17.94668887963344,
    17.992503123698413,
    17.996668054977047,
    17.95918367346934,
    17.880049979175297,
    17.759266972094913,
    17.596834652228193,
    17.39275301957513,
    17.147022074135734,
    16.859641815909995,
    16.53061224489792,
    16.159933361099505,
    15.74760516451475,
    15.293627655143657,
    14.798000832986228,
    14.260724698042457,
    13.681799250312348,
    13.0612244897959,
    12.399000416493111,
    11.695127030403984,
    10.94960433152852,
    10.162432319866713,
    9.333610995418567,
    8.463140358184084,
    7.551020408163261,
    6.597251145356099,
    5.601832569762597,
    4.564764681382756,
    3.486047480216576,
    2.3656809662640566,
    1.2036651395251976,
    0.0
  ],
  "description": "1D Poisson, uniform rho, Dirichlet Ua=10 Uc=0, N=50."
}