{
  "N": 24,
  "L": 1.0,
  "uL": 0.0,
  "uR": 1.0,
  "iterations": 258,
  "V_ref": [
    [
      0.020833333257123846,
      0.020833333259773382,
      0.020833333256540416,
      0.02083333325926525,
      0.020833333256066996,
      0.020833333258863305,
      0.020833333255704335,
      0.020833333258568065,
      0.02083333325545298,
      0.020833333258380028,
      0.020833333255313172,
      0.020833333258299305,
      0.020833333255285205,
      0.020833333258326255,
      0.020833333255369114,
      0.020833333258460644,
      0.020833333255564704,
      0.020833333258702322,
      0.020833333255871816,
      0.020833333259050978,
      0.020833333256289922,
      0.02083333325950608,
      0.02083333325681844,
      0.020833333260067026
    ],
    [
      0.0624999997817745,
      0.06249999977209841,
      0.06249999978010362,
      0.062499999770524076,
      0.06249999977874806,
      0.06249999976927883,
      0.06249999977770956,
      0.062499999768364144,
      0.062499999776989605,
      0.062499999767781464,
      0.06249999977658933,
      0.062499999767531546,
      0.06249999977650922,
      0.06249999976761483,
      0.06249999977674948,
      0.0624999997680312,
      0.06249999977730971,
      0.06249999976877998,
      0.06249999977818902,
      0.06249999976986022,
      0.06249999977938628,
      0.062499999771270305,
      0.06249999978089981,
      0.06249999977300819
    ],
    [
      0.10416666629277581,
      0.10416666630577438,
      0.10416666628991311,
      0.10416666630328149,
      0.10416666628759053,
      0.1041666663013094,
      0.10416666628581121,
      0.1041666662998609,
      0.10416666628457773,
      0.1041666662989382,
      0.10416666628389194,
      0.10416666629854242,
      0.1041666662837547,
      0.1041666662986743,
      0.10416666628416632,
      0.10416666629933366,
      0.10416666628512614,
      0.1041666663005195,
      0.10416666628663279,
      0.10416666630223015,
      0.1041666662886841,
      0.10416666630446302,
      0.10416666629127722,
      0.10416666630721508
    ],
    [
      0.14583333283880492,
      0.14583333281687777,
      0.14583333283501865,
      0.14583333281331035,
      0.14583333283194674,
      0.14583333281048816,
      0.14583333282959332,
      0.14583333280841523,
      0.1458333328279618,
      0.1458333328070948,
      0.1458333328270547,
      0.1458333328065285,
      0.1458333328268732,
      0.14583333280671715,
      0.14583333282741753,
      0.1458333328076607,
      0.145833332828687,
      0.1458333328093577,
      0.14583333283067984,
      0.14583333281180572,
      0.14583333283339311,
      0.14583333281500108,
      0.14583333283682282,
      0.1458333328189395
    ],
    [
      0.1874999993539031,
      0.18749999937636516,
      0.1874999993489564,
      0.1874999993720573,
      0.18749999934494294,
      0.18749999936864942,
      0.18749999934186812,
      0.18749999936614642,
      0.18749999933973652,
      0.18749999936455178,
      0.18749999933855144,
      0.18749999936386794,
      0.1874999993383142,
      0.18749999936409595,
      0.18749999933902556,
      0.18749999936523526,
      0.18749999934068404,
      0.18749999936728445,
      0.18749999934328773,
      0.18749999937024045,
      0.18749999934683248,
      0.18749999937409909,
      0.1874999993513134,
      0.18749999937885473
    ],
    [
      0.22916666592953058,
      0.22916666589684642,
      0.22916666592388682,
      0.22916666589152873,
      0.22916666591930784,
      0.22916666588732204,
      0.22916666591579993,
      0.22916666588423237,
      0.22916666591336815,
      0.22916666588226392,
      0.2291666659120157,
      0.22916666588141965,
      0.22916666591174523,
      0.22916666588170106,
      0.22916666591255652,
      0.22916666588310747,
      0.229166665914449,
      0.22916666588563703,
      0.22916666591741944,
      0.2291666658892859,
      0.22916666592146367,
      0.22916666589404902,
      0.2291666659265761,
      0.22916666589991952
    ],
    [
      0.2708333324590527,
      0.27083333248944785,
      0.2708333324523591,
      0.27083333248361857,
      0.27083333244692787,
      0.2708333324790072,
      0.27083333244276747,
      0.27083333247562025,
      0.2708333324398834,
      0.27083333247346253,
      0.2708333324382794,
      0.27083333247253705,
      0.27083333243795854,
      0.27083333247284547,
      0.2708333324389209,
      0.27083333247438746,
      0.27083333244116536,
      0.2708333324771602,
      0.27083333244468843,
      0.2708333324811601,
      0.27083333244948515,
      0.27083333248638164,
      0.27083333245554875,
      0.27083333249281694
    ],
    [
      0.3124999990704817,
      0.3124999990292673,
      0.3124999990633649,
      0.31249999902256187,
      0.31249999905759085,
      0.3124999990172572,
      0.31249999905316733,
      0.3124999990133612,
      0.31249999905010095,
      0.3124999990108791,
      0.31249999904839587,
      0.3124999990098146,
      0.3124999990480547,
      0.31249999901016945,
      0.31249999904907794,
      0.31249999901194314,
      0.3124999990514641,
      0.3124999990151328,
      0.31249999905520986,
      0.3124999990197339,
      0.3124999990603097,
      0.3124999990257401,
      0.31249999906675635,
      0.31249999903314285
    ],
    [
      0.35416666562377247,
      0.3541666656600294,
      0.35416666561578775,
      0.3541666656530761,
      0.35416666560930926,
      0.35416666564757515,
      0.354166665604346,
      0.3541666656435351,
      0.3541666656009057,
      0.35416666564096105,
      0.3541666655989928,
      0.3541666656398575,
      0.35416666559861004,
      0.3541666656402255,
      0.354166665599758,
      0.35416666564206456,
      0.35416666560243537,
      0.3541666656453721,
      0.3541666656066379,
      0.3541666656501433,
      0.35416666561235965,
      0.3541666656563717,
      0.3541666656195927,
      0.3541666656640481
    ],
    [
      0.3958333322747663,
      0.39583333222783007,
      0.39583333226666156,
      0.3958333322201936,
      0.3958333322600858,
      0.39583333221415234,
      0.39583333225504824,
      0.3958333322097155,
      0.3958333322515563,
      0.39583333220688893,
      0.3958333322496144,
      0.39583333220567696,
      0.39583333224922607,
      0.395833332206081,
      0.3958333322503913,
      0.3958333322081006,
      0.39583333225310857,
      0.39583333221173317,
      0.3958333322573744,
      0.39583333221697287,
      0.39583333226318185,
      0.39583333222381273,
      0.3958333322705235,
      0.39583333223224326
    ],
    [
      0.4374999988595507,
      0.4374999988991994,
      0.437499998850819,
      0.4374999988915955,
      0.4374999988437345,
      0.4374999988855799,
      0.4374999988383072,
      0.4374999988811616,
      0.43749999883454505,
      0.4374999988783474,
      0.43749999883245316,
      0.4374999988771404,
      0.43749999883203494,
      0.43749999887754293,
      0.4374999988332901,
      0.4374999988795538,
      0.43749999883621754,
      0.437499998883171,
      0.4374999988408134,
      0.4374999988883886,
      0.4374999988470702,
      0.4374999988951993,
      0.43749999885497964,
      0.43749999890359376
    ],
    [
      0.47916666555117743,
      0.47916666550171727,
      0.4791666655426375,
      0.47916666549367026,
      0.4791666655357078,
      0.4791666654873043,
      0.47916666553039894,
      0.47916666548262876,
      0.4791666655267192,
      0.47916666547965026,
      0.47916666552467324,
      0.47916666547837306,
      0.4791666655242636,
      0.47916666547879927,
      0.4791666655254919,
      0.47916666548092723,
      0.4791666655283554,
      0.4791666654847551,
      0.47916666553285037,
      0.4791666654902767,
      0.4791666655389708,
      0.47916666549748443,
      0.479166665546707,
      0.47916666550636816
    ],
    [
      0.5208333321730347,
      0.5208333322133737,
