{
  "N": 40,
  "a": [
    0.7739560485559633,
    0.4388784397520523,
    0.8585979199113825,
    0.6973680290593639,
    0.09417734788764953,
    0.9756223516367559,
    0.761139701990353,
    0.7860643052769538,
    0.12811363267554587,
    0.45038593789556713,
    0.37079802423258124,
    0.9267649888486018,
    0.6438651200806645,
    0.82276161327083,
    0.44341419882733113,
    0.2272387217847769,
    0.5545847870158348,
    0.06381725610417532,
    0.8276311719925821,
    0.6316643991220648,
    0.7580877400853738,
    0.35452596812986836,
    0.9706980243949033,
    0.8931211213221977,
    0.7783834970737619,
    0.19463870785196757,
    0.4667210037270342,
    0.04380376578722878,
    0.15428949206754783,
    0.6830489532424546,
    0.7447621559078171,
    0.96750973243421,
    0.32582535813815194,
    0.3704597060348689,
    0.4695558112758079,
    0.1894713590842857,
    0.12992150533547164,
    0.47570492622593374,
    0.2269093490508841,
    0.6698139946825103
  ],
  "b": [
    2.4371519188723307,
    2.8326781960578375,
    2.7002651020022492,
    2.312366641382041,
    2.832259801395201,
    2.804764357496802,
    2.3874783790301746,
    2.288328103930244,
    2.6824955039749754,
    2.1397524836093096,
    2.1999082024751084,
    2.0073622697510056,
    2.7869243775021384,
    2.6648508565920324,
    2.705165378626335,
    2.780729031021968,
    2.45891577553834,
    2.5687411959528936,
    2.1397969981276574,
    2.1145300735359736,
    2.6684029617904717,
    2.4710962061431325,
    2.565236106481189,
    2.7649988574160256,
    2.634718320000591,
    2.5535794006579957,
    2.5592071607454137,
    2.303950098062612,
    2.0308178345679395,
    2.4367173892323626,
    2.2145846728195293,
    2.4085286437246363,
    2.853403073268166,
    2.2339394858653407,
    2.058302741689066,
    2.2813838920219967,
    2.2935937577666836,
    2.661916514726895,
    2.5570321523412782,
    2.7838982091064137
  ],
  "c": [
    0.6643135403273875,
    0.4063868614400705,
    0.8140203846660347,
    0.1669729199077039,
    0.022712073133860478,
    0.09004786077564175,
    0.7223593505964503,
    0.4618772302513874,
    0.1612717790336018,
    0.5010447751033635,
    0.15231210271316842,
    0.696320375077736,
    0.4461562755740307,
    0.3810212260964825,
    0.3015120891478765,
    0.6302825931188885,
    0.3618126105533904,
    0.087649919316101,
    0.11800590212051532,
    0.9618976645495145,
    0.908580690707607,
    0.6997071338107496,
    0.2658699614595196,
    0.9691763773477239,
    0.7787509039657946,
    0.7168901891589956,
    0.44936150214378867,
    0.272241561845159,
    0.0963909621534993,
    0.9026023965438417,
    0.45577628983361107,
    0.20236336479523032,
    0.3059566241506525,
    0.579219568941896,
    0.1767727829392317,
    0.8566142840923755,
    0.7585195298352101,
    0.7194629559509368,
    0.4320930397751037,
    0.6273088407024432
  ],
  "d": [
    1.8552373822937083,
    2.131471366899865,
    1.1244546952546668,
    1.0273363759368919,
    0.16824134577992741,
    1.4558308574356595,
    1.2679309366857063,
    0.637770364121548,
    0.39066400045306965,
    1.3894598909504752,
    0.7340933075755952,
    2.4197555219401794,
    2.3697841712582766,
    1.6275824415331104,
    1.7592067685195243,
    0.8018534537388408,
    2.544166516784334,
    1.3686920057417002,
    2.0838264766453127,
    1.1374765616791414,
    1.8071640299327032,
    2.041321068788662,
    3.0340799091423287,
    2.877314769074338,
    1.9004424190442033,
    1.011601480175957,
    1.2071270346286012,
    1.3336171448998804,
    0.9737667110684738,
    1.098273615412009,
    2.254438121484262,
    2.9862556444075126,
    0.861690114140405,
    1.3525290479085423,
    0.6024663885655795,
    1.7951185894747528,
    1.2325594427500408,
    2.412157992019721,
    2.3407049953960732,
    2.6267875428918694
  ],
  "x_ref": [
    0.5840979689127357,
    0.64984660155482,
    0.084444321139889,
    0.41580740217060974,
    0.04161417386189247,
    0.493990819244519,
    0.3298612123327853,
    0.14452418886604693,
    0.10340296772255163,
    0.587644572177712,
    0.1705929685368861,
    0.9251201183767971,
    0.5810611397003951,
    0.34686980453483696,
    0.5909154914814168,
    0.022803871029697553,
    0.9585592132414452,
    0.48230343694290023,
    0.7827352272502862,
    0.08272999992243851,
    0.4866583308381603,
    0.4907069943545208,
    0.9378264549749831,
    0.5717280523760753,
    0.4734894010569538,
    0.2669756630918937,
    0.33156899734255213,
    0.5206724024715378,
    0.43891146030504674,
    0.021612079880330315,
    0.8262919241943578,
    0.8961607718397667,
    0.14024908899861072,
    0.5540361435390495,
    0.10857574113544347,
    0.6722400930398117,
    0.2812337838390083,
    0.6594226346919019,
    0.7269946142868826,
    0.768647491917657
  ],
  "x_theo": [
    0.5840979689127356,
    0.64984660155482,
    0.08444432113988909,
    0.41580740217060963,
    0.04161417386189248,
    0.49399081924451893,
    0.3298612123327853,
    0.1445241888660469,
    0.10340296772255164,
    0.587644572177712,
    0.1705929685368861,
    0.9251201183767972,
    0.581061139700395,
    0.34686980453483707,
    0.5909154914814168,
    0.022803871029697498,
    0.9585592132414453,
    0.48230343694290023,
    0.7827352272502862,
    0.08272999992243857,
    0.48665833083816035,
    0.4907069943545209,
    0.9378264549749828,
    0.5717280523760754,
    0.4734894010569538,
    0.2669756630918936,
    0.3315689973425522,
    0.5206724024715378,
    0.4389114603050467,
    0.021612079880330426,
    0.8262919241943578,
    0.8961607718397667,
    0.14024908899861077,
    0.5540361435390494,
    0.10857574113544355,
    0.6722400930398117,
    0.2812337838390083,
    0.6594226346919018,
    0.7269946142868826,
    0.768647491917657
  ],
  "description": "Random diagonally dominant tridiagonal, Thomas solution."
}